station,valid,feel,relh,tmpf,vsby,sknt,mslp,p01i,alti,dwpf,drct
NYC,2026-01-20 00:51,24.33,51.01,31.00,10.00,6.00,1015.90,0.00,30.02,15.00,M
NYC,2026-01-20 01:51,M,53.28,31.00,10.00,M,1016.70,0.00,30.05,16.00,M
NYC,2026-01-20 02:51,21.92,48.49,29.00,10.00,6.00,1017.50,0.00,30.07,12.00,M
NYC,2026-01-20 03:51,19.51,42.07,27.00,10.00,6.00,1018.30,0.00,30.09,7.00,M
NYC,2026-01-20 04:51,13.00,34.85,26.00,10.00,15.00,1018.80,0.00,30.11,2.00,270.00
NYC,2026-01-20 05:51,15.03,37.88,24.00,10.00,7.00,1019.50,0.00,30.13,2.00,280.00
NYC,2026-01-20 06:51,13.03,43.34,23.00,10.00,8.00,1020.30,0.00,30.15,4.00,270.00
NYC,2026-01-20 07:51,13.33,45.03,21.00,10.00,5.00,1020.90,0.00,30.17,3.00,M
NYC,2026-01-20 08:51,10.15,44.86,20.00,10.00,7.00,1021.70,0.00,30.19,2.00,250.00
NYC,2026-01-20 09:51,5.46,46.82,19.00,10.00,12.00,1022.20,0.00,30.21,2.00,280.00
NYC,2026-01-20 10:51,7.71,48.88,18.00,10.00,7.00,1022.90,0.00,30.23,2.00,250.00
NYC,2026-01-20 11:51,11.54,51.03,17.00,10.00,3.00,1023.70,0.00,30.25,2.00,M
NYC,2026-01-20 12:51,4.40,48.54,16.00,10.00,8.00,1024.50,0.00,30.28,0.00,260.00
NYC,2026-01-20 13:51,6.26,46.31,16.00,10.00,6.00,1025.20,0.00,30.30,-1.00,280.00
NYC,2026-01-20 14:51,2.25,44.17,16.00,10.00,11.00,1025.70,0.00,30.31,-2.00,270.00
NYC,2026-01-20 15:51,3.63,35.10,18.00,10.00,13.00,1026.30,0.00,30.33,-5.00,280.00
NYC,2026-01-20 16:51,8.10,33.63,19.00,10.00,8.00,1026.20,0.00,30.32,-5.00,260.00
NYC,2026-01-20 17:51,8.10,33.63,19.00,10.00,8.00,1025.70,0.00,30.31,-5.00,280.00
NYC,2026-01-20 18:51,9.33,35.46,20.00,10.00,8.00,1025.40,0.00,30.30,-3.00,270.00
NYC,2026-01-20 19:51,9.84,30.88,21.00,10.00,9.00,1026.00,0.00,30.32,-5.00,270.00
NYC,2026-01-20 20:51,8.00,32.40,21.00,10.00,12.00,1026.70,0.00,30.34,-4.00,280.00
NYC,2026-01-20 21:51,M,35.46,20.00,10.00,M,1027.90,0.00,30.37,-3.00,M
NYC,2026-01-20 22:51,8.59,35.46,20.00,10.00,9.00,1029.30,0.00,30.41,-3.00,280.00
NYC,2026-01-20 23:51,8.93,38.81,19.00,10.00,7.00,1030.10,0.00,30.44,-2.00,260.00
NYC,2026-01-21 00:51,10.96,38.81,19.00,10.00,5.00,1030.80,0.00,30.46,-2.00,M
NYC,2026-01-21 01:51,12.24,38.81,19.00,10.00,4.00,1031.20,0.00,30.47,-2.00,M
NYC,2026-01-21 02:51,8.93,38.81,19.00,10.00,7.00,1032.30,0.00,30.50,-2.00,240.00
NYC,2026-01-21 03:51,10.96,38.81,19.00,10.00,5.00,1032.80,0.00,30.52,-2.00,M
NYC,2026-01-21 04:51,7.71,40.51,18.00,10.00,7.00,1032.80,0.00,30.52,-2.00,240.00
NYC,2026-01-21 05:51,M,38.63,18.00,10.00,M,1032.60,0.00,30.51,-3.00,M
NYC,2026-01-21 06:51,18.00,40.51,18.00,10.00,0.00,1033.10,0.00,30.52,-2.00,0.00
NYC,2026-01-21 07:51,M,40.33,17.00,10.00,M,1033.40,0.00,30.53,-3.00,M
NYC,2026-01-21 08:51,8.67,38.63,18.00,10.00,6.00,1033.20,0.00,30.53,-3.00,290.00
NYC,2026-01-21 09:51,18.00,40.51,18.00,10.00,0.00,1033.90,0.00,30.55,-2.00,0.00
NYC,2026-01-21 10:51,9.77,38.63,18.00,10.00,5.00,1033.40,0.00,30.54,-3.00,M
NYC,2026-01-21 11:51,9.90,44.35,17.00,10.00,4.00,1034.20,0.00,30.56,-1.00,M
NYC,2026-01-21 12:51,13.83,40.69,19.00,10.00,3.00,1034.00,0.00,30.55,-1.00,M
NYC,2026-01-21 13:51,13.33,39.16,21.00,10.00,5.00,1033.90,0.00,30.55,0.00,M
NYC,2026-01-21 14:51,11.79,35.81,22.00,10.00,8.00,1034.10,0.00,30.56,-1.00,250.00
NYC,2026-01-21 15:51,25.00,33.09,25.00,10.00,0.00,1033.20,0.00,30.53,0.00,0.00
NYC,2026-01-21 16:51,20.46,31.92,27.00,10.00,5.00,1031.80,0.00,30.49,1.00,180.00
NYC,2026-01-21 17:51,M,32.09,28.00,10.00,M,1030.70,0.00,30.46,2.00,M
NYC,2026-01-21 18:51,21.12,30.80,29.00,10.00,7.00,1028.20,0.00,30.38,2.00,190.00
NYC,2026-01-21 19:51,24.33,39.10,31.00,10.00,6.00,1026.70,0.00,30.34,9.00,M
NYC,2026-01-21 20:51,27.58,51.32,33.00,10.00,5.00,1025.80,0.00,30.31,17.00,M
NYC,2026-01-21 21:51,M,56.09,34.00,10.00,M,1025.20,0.00,30.29,20.00,M
NYC,2026-01-21 22:51,32.12,56.24,35.00,10.00,3.00,1024.20,0.00,30.27,21.00,M
NYC,2026-01-21 23:51,32.09,58.82,36.00,10.00,4.00,1023.50,0.00,30.25,23.00,M
NYC,2026-01-22 00:51,31.55,56.54,37.00,10.00,6.00,1023.10,0.00,30.23,23.00,M
NYC,2026-01-22 01:51,35.55,52.11,38.00,10.00,3.00,1022.60,0.00,30.22,22.00,M
NYC,2026-01-22 02:51,33.26,51.96,37.00,10.00,4.00,1021.80,0.00,30.19,21.00,M
NYC,2026-01-22 03:51,M,43.94,38.00,10.00,M,1020.90,0.00,30.17,18.00,M
NYC,2026-01-22 04:51,33.96,42.25,39.00,10.00,6.00,1019.30,0.00,30.12,18.00,M
NYC,2026-01-22 05:51,32.74,42.25,39.00,10.00,8.00,1018.00,0.00,30.08,18.00,200.00
NYC,2026-01-22 06:51,35.59,46.03,39.00,10.00,4.00,1016.90,0.00,30.05,20.00,180.00
NYC,2026-01-22 07:51,33.31,48.03,39.00,10.00,7.00,1016.40,0.00,30.04,21.00,230.00
NYC,2026-01-22 08:51,M,44.27,40.00,10.00,M,1015.30,0.00,30.01,20.00,M
NYC,2026-01-22 09:51,M,46.20,40.00,10.00,M,1014.90,0.00,30.00,21.00,M
NYC,2026-01-22 10:51,35.59,48.03,39.00,10.00,4.00,1015.20,0.00,30.00,21.00,M
NYC,2026-01-22 11:51,32.76,49.95,38.00,10.00,6.00,1016.10,0.00,30.03,21.00,M
NYC,2026-01-22 12:51,32.76,47.87,38.00,10.00,6.00,1016.10,0.00,30.03,20.00,220.00
NYC,2026-01-22 13:51,40.00,46.20,40.00,10.00,0.00,1016.30,0.00,30.04,21.00,0.00
NYC,2026-01-22 14:51,42.00,44.60,42.00,10.00,0.00,1016.80,0.00,30.05,22.00,0.00
NYC,2026-01-22 15:51,38.78,42.92,43.00,10.00,6.00,1016.40,0.00,30.04,22.00,M
NYC,2026-01-22 16:51,42.41,39.59,44.00,10.00,3.00,1015.40,0.00,30.01,21.00,M
NYC,2026-01-22 17:51,42.39,35.17,46.00,10.00,6.00,1014.90,0.00,30.00,20.00,M
NYC,2026-01-22 18:51,42.17,32.44,47.00,10.00,9.00,1014.60,0.00,29.99,19.00,270.00
NYC,2026-01-22 19:51,43.60,32.44,47.00,10.00,6.00,1014.80,0.00,29.99,19.00,250.00
NYC,2026-01-22 20:51,41.84,32.28,46.00,10.00,7.00,1015.00,0.00,30.00,18.00,250.00
NYC,2026-01-22 21:51,42.39,33.69,46.00,10.00,6.00,1015.30,0.00,30.01,19.00,270.00
NYC,2026-01-22 22:51,46.00,32.28,46.00,10.00,0.00,1016.10,0.00,30.03,18.00,0.00
NYC,2026-01-22 23:51,44.00,36.36,44.00,10.00,0.00,1016.80,0.00,30.05,19.00,0.00
NYC,2026-01-23 00:51,39.46,23.28,43.00,10.00,5.00,1017.40,0.00,30.07,8.00,M
NYC,2026-01-23 01:51,37.93,24.04,41.00,10.00,4.00,1017.70,0.00,30.08,7.00,M
NYC,2026-01-23 02:51,37.08,20.01,41.00,10.00,5.00,1018.10,0.00,30.09,3.00,270.00
NYC,2026-01-23 03:51,35.90,20.80,40.00,10.00,5.00,1018.60,0.00,30.10,3.00,260.00
NYC,2026-01-23 04:51,32.09,22.50,38.00,10.00,7.00,1019.00,0.00,30.12,3.00,270.00
NYC,2026-01-23 05:51,29.24,21.32,37.00,10.00,10.00,1018.40,0.00,30.10,1.00,280.00
NYC,2026-01-23 06:51,28.49,24.34,36.00,10.00,9.00,1019.10,0.00,30.12,3.00,280.00
NYC,2026-01-23 07:51,27.81,26.52,35.00,10.00,8.00,1019.30,0.00,30.13,4.00,270.00
NYC,2026-01-23 08:51,27.22,27.60,34.00,10.00,7.00,1019.50,0.00,30.13,4.00,280.00
NYC,2026-01-23 09:51,24.78,31.32,32.00,10.00,7.00,1019.80,0.00,30.14,5.00,280.00
NYC,2026-01-23 10:51,26.25,34.13,31.00,10.00,4.00,1020.30,0.00,30.16,6.00,280.00
NYC,2026-01-23 11:51,25.21,34.13,31.00,10.00,5.00,1020.50,0.00,30.16,6.00,290.00
NYC,2026-01-23 12:51,26.25,34.13,31.00,10.00,4.00,1021.00,0.00,30.18,6.00,M
NYC,2026-01-23 13:51,27.42,34.31,32.00,10.00,4.00,1021.50,0.00,30.19,7.00,M
NYC,2026-01-23 14:51,26.40,34.31,32.00,10.00,5.00,1021.40,0.00,30.19,7.00,M
NYC,2026-01-23 15:51,25.48,31.66,34.00,10.00,10.00,1020.70,0.00,30.16,7.00,240.00
NYC,2026-01-23 16:51,24.13,28.90,34.00,10.00,13.00,1020.00,0.00,30.14,5.00,260.00
NYC,2026-01-23 17:51,27.94,30.25,34.00,10.00,6.00,1019.10,0.00,30.12,6.00,M
NYC,2026-01-23 18:51,28.44,25.33,35.00,10.00,7.00,1018.70,0.00,30.10,3.00,250.00
NYC,2026-01-23 19:51,29.65,25.49,36.00,10.00,7.00,1018.40,0.00,30.09,4.00,230.00
NYC,2026-01-23 20:51,29.14,25.33,35.00,10.00,6.00,1018.70,0.00,30.11,3.00,250.00
NYC,2026-01-23 21:51,27.24,24.18,35.00,10.00,9.00,1019.10,0.00,30.12,2.00,290.00
NYC,2026-01-23 22:51,24.13,18.07,34.00,10.00,13.00,1020.30,0.00,30.15,-5.00,280.00
NYC,2026-01-23 23:51,25.21,22.44,31.00,10.00,5.00,1022.50,0.00,30.22,-3.00,M
NYC,2026-01-24 00:51,15.03,41.56,24.00,10.00,7.00,1024.90,0.00,30.29,4.00,310.00
NYC,2026-01-24 01:51,9.27,43.17,22.00,10.00,12.00,1026.50,0.00,30.33,3.00,300.00
NYC,2026-01-24 02:51,4.91,21.60,19.00,10.00,13.00,1028.40,0.00,30.39,-14.00,300.00
NYC,2026-01-24 03:51,0.04,25.85,16.00,10.00,15.00,1030.40,0.00,30.45,-13.00,300.00
NYC,2026-01-24 04:51,5.02,29.66,14.00,10.00,5.00,1031.10,0.00,30.47,-12.00,M
NYC,2026-01-24 05:51,1.62,30.99,13.00,10.00,7.00,1031.50,0.00,30.48,-12.00,300.00
NYC,2026-01-24 06:51,-4.73,33.86,11.00,10.00,12.00,1032.30,0.00,30.51,-12.00,300.00
NYC,2026-01-24 07:51,0.24,35.58,11.00,10.00,6.00,1033.10,0.00,30.53,-11.00,M
NYC,2026-01-24 08:51,M,39.09,10.00,10.00,M,1033.30,0.00,30.54,-10.00,M
NYC,2026-01-24 09:51,-5.34,39.09,10.00,10.00,11.00,1034.50,0.00,30.57,-10.00,290.00
NYC,2026-01-24 10:51,-6.60,42.95,9.00,10.00,11.00,1034.70,0.00,30.58,-9.00,300.00
NYC,2026-01-24 11:51,M,45.10,9.00,10.00,M,1035.60,0.00,30.60,-8.00,M
NYC,2026-01-24 12:51,-0.92,40.89,9.00,10.00,5.00,1036.30,0.00,30.62,-10.00,M
NYC,2026-01-24 13:51,M,39.09,10.00,10.00,M,1037.20,0.00,30.65,-10.00,M
NYC,2026-01-24 14:51,-0.97,35.41,10.00,10.00,6.00,1038.10,0.00,30.67,-12.00,M
NYC,2026-01-24 15:51,2.90,35.58,11.00,10.00,4.00,1038.10,0.00,30.67,-11.00,M
NYC,2026-01-24 16:51,3.83,32.57,13.00,10.00,5.00,1037.70,0.00,30.66,-11.00,M
NYC,2026-01-24 17:51,M,30.01,16.00,10.00,M,1037.00,0.00,30.64,-10.00,M
NYC,2026-01-24 18:51,8.58,27.35,17.00,10.00,5.00,1036.50,0.00,30.63,-11.00,M
NYC,2026-01-24 19:51,M,26.02,17.00,10.00,M,1036.80,0.00,30.64,-12.00,M
NYC,2026-01-24 20:51,5.64,24.75,17.00,10.00,8.00,1037.00,0.00,30.64,-13.00,360.00
NYC,2026-01-24 21:51,5.64,26.02,17.00,10.00,8.00,1037.50,0.00,30.66,-12.00,300.00
NYC,2026-01-24 22:51,7.46,24.75,17.00,10.00,6.00,1037.30,0.00,30.65,-13.00,M
NYC,2026-01-24 23:51,11.54,24.75,17.00,10.00,3.00,1038.10,0.00,30.67,-13.00,M
NYC,2026-01-25 00:51,3.62,25.85,16.00,10.00,9.00,1038.30,0.00,30.68,-13.00,350.00
NYC,2026-01-25 01:51,M,28.39,15.00,10.00,M,1038.60,0.00,30.69,-12.00,M
NYC,2026-01-25 02:51,9.25,29.83,15.00,10.00,3.00,1038.90,0.00,30.70,-11.00,M
NYC,2026-01-25 03:51,9.25,31.34,15.00,10.00,3.00,1038.30,0.00,30.68,-10.00,M
NYC,2026-01-25 04:51,3.17,36.30,15.00,10.00,8.00,1037.90,0.00,30.67,-7.00,50.00
NYC,2026-01-25 05:51,3.85,26.83,14.00,10.00,6.00,1037.90,0.00,30.67,-14.00,40.00
NYC,2026-01-25 06:51,-0.28,31.17,14.00,10.00,11.00,1037.40,0.00,30.65,-11.00,50.00
NYC,2026-01-25 07:51,-0.86,34.22,13.00,10.00,10.00,1036.70,0.00,30.63,-10.00,50.00
NYC,2026-01-25 08:51,0.71,35.94,13.00,10.00,8.00,1036.00,0.00,30.61,-9.00,50.00
NYC,2026-01-25 09:51,2.65,37.74,13.00,10.00,6.00,1036.20,0.00,30.62,-8.00,50.00
NYC,2026-01-25 10:51,0.24,76.27,11.00,0.50,6.00,1035.70,0.01,30.60,5.00,50.00
NYC,2026-01-25 11:51,0.24,79.83,11.00,0.75,6.00,1035.30,0.03,30.59,6.00,20.00
NYC,2026-01-25 12:51,0.24,83.55,11.00,0.50,6.00,1034.00,0.04,30.55,7.00,60.00
NYC,2026-01-25 13:51,-1.76,83.55,11.00,0.25,8.00,1033.50,0.10,30.54,7.00,40.00
NYC,2026-01-25 14:51,-2.60,83.55,11.00,0.25,9.00,1031.70,0.08,30.48,7.00,40.00
NYC,2026-01-25 15:51,-2.11,83.62,12.00,0.25,10.00,1029.60,0.13,30.42,8.00,50.00
NYC,2026-01-25 16:51,-0.52,83.62,12.00,0.25,8.00,1027.30,0.17,30.35,8.00,50.00
NYC,2026-01-25 17:51,-0.52,83.62,12.00,0.25,8.00,1024.20,0.17,30.26,8.00,50.00
NYC,2026-01-25 18:51,1.62,83.69,13.00,0.25,7.00,1021.50,0.24,30.19,9.00,60.00
NYC,2026-01-25 19:51,2.38,83.83,15.00,0.50,9.00,1019.00,0.24,30.11,11.00,50.00
NYC,2026-01-25 20:51,0.98,83.83,15.00,0.50,11.00,1018.10,0.13,30.08,11.00,50.00
NYC,2026-01-25 21:51,4.16,83.97,17.00,0.25,10.00,1015.80,0.09,30.02,13.00,60.00
NYC,2026-01-25 22:51,6.04,87.85,19.00,1.00,11.00,1013.70,0.09,29.95,16.00,40.00
NYC,2026-01-25 23:51,6.67,84.11,19.00,1.25,10.00,1012.00,0.08,29.90,15.00,40.00
NYC,2026-01-26 00:51,11.08,87.91,20.00,1.25,6.00,1010.80,0.10,29.87,17.00,40.00
NYC,2026-01-26 01:51,7.30,87.91,20.00,1.75,11.00,1007.60,0.08,29.77,17.00,50.00
NYC,2026-01-26 02:51,9.84,84.25,21.00,3.00,9.00,1006.90,0.01,29.75,17.00,30.00
NYC,2026-01-26 03:51,11.79,88.01,22.00,4.00,8.00,1009.00,0.01,29.82,19.00,30.00
NYC,2026-01-26 04:51,M,91.82,21.00,8.00,M,1008.30,T,29.80,19.00,M
NYC,2026-01-26 05:51,10.15,87.91,20.00,10.00,7.00,1006.70,0.00,29.75,17.00,20.00
NYC,2026-01-26 06:51,13.41,87.91,20.00,10.00,4.00,1007.20,0.00,29.76,17.00,M
NYC,2026-01-26 07:51,20.00,84.18,20.00,10.00,0.00,1007.70,0.00,29.78,16.00,0.00
NYC,2026-01-26 08:51,12.14,87.91,20.00,6.00,5.00,1007.30,0.00,29.77,17.00,30.00
NYC,2026-01-26 09:51,20.00,87.91,20.00,1.00,0.00,1008.00,0.01,29.79,17.00,0.00
NYC,2026-01-26 10:51,13.83,87.85,19.00,1.75,3.00,1007.60,0.01,29.77,16.00,M
NYC,2026-01-26 11:51,12.24,84.11,19.00,9.00,4.00,1008.60,T,29.80,15.00,360.00
NYC,2026-01-26 12:51,10.96,84.11,19.00,10.00,5.00,1008.50,0.00,29.80,15.00,M
NYC,2026-01-26 13:51,19.00,84.11,19.00,10.00,0.00,1009.20,0.00,29.82,15.00,0.00
NYC,2026-01-26 14:51,20.00,77.14,20.00,10.00,0.00,1009.00,0.00,29.82,14.00,0.00
NYC,2026-01-26 15:51,8.59,80.59,20.00,10.00,9.00,1008.90,0.00,29.82,15.00,310.00
NYC,2026-01-26 16:51,15.74,80.75,22.00,6.00,4.00,1007.60,0.00,29.78,17.00,M
NYC,2026-01-26 17:51,18.08,74.24,24.00,10.00,4.00,1006.60,T,29.75,17.00,M
NYC,2026-01-26 18:51,15.49,71.20,25.00,10.00,8.00,1006.40,0.00,29.74,17.00,300.00
NYC,2026-01-26 19:51,18.68,55.03,27.00,10.00,7.00,1006.60,0.00,29.75,13.00,290.00
NYC,2026-01-26 20:51,14.81,54.72,25.00,10.00,9.00,1007.30,0.00,29.77,11.00,300.00
NYC,2026-01-26 21:51,M,52.17,24.00,10.00,M,1008.50,0.00,29.80,9.00,M
NYC,2026-01-26 22:51,10.55,49.71,23.00,10.00,12.00,1010.50,0.00,29.86,7.00,300.00
NYC,2026-01-26 23:51,13.49,51.85,22.00,10.00,6.00,1011.10,0.00,29.88,7.00,M
NYC,2026-01-27 00:51,10.56,54.09,21.00,10.00,8.00,1011.70,0.00,29.89,7.00,300.00
NYC,2026-01-27 01:51,10.56,49.38,21.00,10.00,8.00,1012.60,0.00,29.92,5.00,300.00
NYC,2026-01-27 02:51,7.35,42.65,19.00,10.00,9.00,1013.90,0.00,29.96,0.00,300.00
NYC,2026-01-27 03:51,11.07,44.52,18.00,10.00,4.00,1014.40,0.00,29.97,0.00,M
NYC,2026-01-27 04:51,5.64,46.48,17.00,10.00,8.00,1014.90,0.00,29.99,0.00,290.00
NYC,2026-01-27 05:51,2.91,46.48,17.00,10.00,12.00,1015.30,0.00,30.00,0.00,280.00
NYC,2026-01-27 06:51,4.16,46.48,17.00,10.00,10.00,1016.40,0.00,30.04,0.00,280.00
NYC,2026-01-27 07:51,5.28,50.87,16.00,10.00,7.00,1017.10,0.00,30.06,1.00,300.00
NYC,2026-01-27 08:51,6.26,50.87,16.00,10.00,6.00,1017.60,0.00,30.07,1.00,M
NYC,2026-01-27 09:51,6.26,48.54,16.00,10.00,6.00,1018.50,0.00,30.10,0.00,280.00
NYC,2026-01-27 10:51,M,48.54,16.00,10.00,M,1018.80,0.00,30.10,0.00,M
NYC,2026-01-27 11:51,15.00,48.37,15.00,10.00,0.00,1019.40,0.00,30.12,-1.00,0.00
NYC,2026-01-27 12:51,M,50.70,15.00,10.00,M,1019.60,0.00,30.13,0.00,M
NYC,2026-01-27 13:51,4.40,50.87,16.00,10.00,8.00,1019.90,0.00,30.14,1.00,240.00
NYC,2026-01-27 14:51,M,51.03,17.00,10.00,M,1019.50,0.00,30.13,2.00,M
NYC,2026-01-27 15:51,8.93,44.69,19.00,10.00,7.00,1018.40,0.00,30.09,1.00,230.00
NYC,2026-01-27 16:51,11.08,38.98,20.00,10.00,6.00,1017.40,0.00,30.06,-1.00,M
NYC,2026-01-27 17:51,9.84,41.04,21.00,10.00,9.00,1015.80,0.00,30.02,1.00,230.00
NYC,2026-01-27 18:51,14.52,35.81,22.00,10.00,5.00,1014.40,0.00,29.98,-1.00,M
NYC,2026-01-27 19:51,11.37,35.63,21.00,10.00,7.00,1014.30,0.00,29.97,-2.00,230.00
NYC,2026-01-27 20:51,9.33,46.99,20.00,10.00,8.00,1014.40,0.00,29.97,3.00,240.00
NYC,2026-01-27 21:51,8.10,51.36,19.00,10.00,8.00,1014.60,0.00,29.98,4.00,240.00
NYC,2026-01-27 22:51,9.87,56.29,19.00,10.00,6.00,1014.90,0.00,29.99,6.00,M
NYC,2026-01-27 23:51,M,56.13,18.00,10.00,M,1015.40,0.00,30.00,5.00,M
NYC,2026-01-28 00:51,9.87,51.36,19.00,10.00,6.00,1015.60,0.00,30.01,4.00,290.00
NYC,2026-01-28 01:51,4.91,44.69,19.00,10.00,13.00,1016.20,0.00,30.03,1.00,280.00
NYC,2026-01-28 02:51,7.71,51.20,18.00,10.00,7.00,1017.10,0.00,30.05,3.00,280.00
NYC,2026-01-28 03:51,5.64,51.03,17.00,10.00,8.00,1017.50,0.00,30.07,2.00,280.00
NYC,2026-01-28 04:51,4.16,51.03,17.00,10.00,10.00,1017.80,0.00,30.07,2.00,280.00
NYC,2026-01-28 05:51,4.40,53.29,16.00,10.00,8.00,1017.90,0.00,30.08,2.00,280.00
NYC,2026-01-28 06:51,8.74,53.29,16.00,10.00,4.00,1018.60,0.00,30.10,2.00,M
NYC,2026-01-28 07:51,4.40,53.29,16.00,10.00,8.00,1018.90,0.00,30.11,2.00,260.00
NYC,2026-01-28 08:51,4.06,55.67,15.00,10.00,7.00,1019.20,0.00,30.12,2.00,270.00
NYC,2026-01-28 09:51,4.06,53.13,15.00,10.00,7.00,1019.50,0.00,30.13,1.00,280.00
NYC,2026-01-28 10:51,6.21,55.67,15.00,10.00,5.00,1020.20,0.00,30.15,2.00,M
NYC,2026-01-28 11:51,9.25,53.13,15.00,10.00,3.00,1020.90,0.00,30.17,1.00,M
NYC,2026-01-28 12:51,4.06,53.13,15.00,10.00,7.00,1021.30,0.00,30.18,1.00,270.00
NYC,2026-01-28 13:51,4.40,50.87,16.00,10.00,8.00,1021.30,0.00,30.18,1.00,270.00
NYC,2026-01-28 14:51,6.50,44.35,17.00,10.00,7.00,1021.10,0.00,30.17,-1.00,270.00
NYC,2026-01-28 15:51,M,40.69,19.00,10.00,M,1020.90,0.00,30.17,-1.00,M
NYC,2026-01-28 16:51,12.28,33.98,21.00,10.00,6.00,1019.60,0.00,30.13,-3.00,310.00
NYC,2026-01-28 17:51,16.91,32.75,23.00,10.00,4.00,1018.40,0.00,30.09,-2.00,M
NYC,2026-01-28 18:51,18.40,32.75,23.00,10.00,3.00,1017.40,0.00,30.06,-2.00,M
NYC,2026-01-28 19:51,15.71,31.23,23.00,10.00,5.00,1016.60,0.00,30.04,-3.00,300.00
NYC,2026-01-28 20:51,15.71,37.71,23.00,10.00,5.00,1016.40,0.00,30.03,1.00,220.00
NYC,2026-01-28 21:51,M,39.33,22.00,10.00,M,1016.30,0.00,30.03,1.00,M
NYC,2026-01-28 22:51,16.11,39.16,21.00,10.00,3.00,1016.30,0.00,30.03,0.00,M
NYC,2026-01-28 23:51,9.33,42.82,20.00,10.00,8.00,1016.90,0.00,30.05,1.00,240.00
NYC,2026-01-29 00:51,13.83,42.65,19.00,10.00,3.00,1017.00,0.00,30.05,0.00,M
NYC,2026-01-29 01:51,5.64,46.48,17.00,10.00,8.00,1016.90,0.00,30.05,0.00,260.00
NYC,2026-01-29 02:51,4.40,44.17,16.00,10.00,8.00,1016.60,0.00,30.04,-2.00,290.00
NYC,2026-01-29 03:51,6.21,48.37,15.00,10.00,5.00,1016.80,0.00,30.05,-1.00,M
NYC,2026-01-29 04:51,14.00,50.54,14.00,10.00,0.00,1016.60,0.00,30.04,-1.00,0.00
NYC,2026-01-29 05:51,M,50.54,14.00,10.00,M,1016.20,0.00,30.03,-1.00,M
NYC,2026-01-29 06:51,5.02,50.54,14.00,10.00,5.00,1016.70,0.00,30.04,-1.00,290.00
NYC,2026-01-29 07:51,1.62,55.35,13.00,10.00,7.00,1017.00,0.00,30.05,0.00,280.00
NYC,2026-01-29 08:51,13.00,55.35,13.00,10.00,0.00,1017.00,0.00,30.05,0.00,0.00
NYC,2026-01-29 09:51,M,55.35,13.00,10.00,M,1017.80,0.00,30.07,0.00,M
NYC,2026-01-29 10:51,1.44,52.65,12.00,10.00,6.00,1018.20,0.00,30.09,-2.00,290.00
NYC,2026-01-29 11:51,1.46,55.04,11.00,10.00,5.00,1018.70,0.00,30.10,-2.00,270.00
NYC,2026-01-29 12:51,1.44,55.20,12.00,10.00,6.00,1019.30,0.00,30.12,-1.00,280.00
NYC,2026-01-29 13:51,3.83,50.37,13.00,10.00,5.00,1019.50,0.00,30.12,-2.00,M
NYC,2026-01-29 14:51,M,48.37,15.00,10.00,M,1019.60,0.00,30.13,-1.00,M
NYC,2026-01-29 15:51,7.39,48.54,16.00,10.00,5.00,1019.50,0.00,30.12,0.00,M
NYC,2026-01-29 16:51,6.87,44.52,18.00,10.00,8.00,1018.70,0.00,30.10,0.00,280.00
NYC,2026-01-29 17:51,10.15,40.86,20.00,10.00,7.00,1018.30,0.00,30.09,0.00,300.00
NYC,2026-01-29 18:51,11.37,39.16,21.00,10.00,7.00,1017.80,0.00,30.08,0.00,270.00
NYC,2026-01-29 19:51,11.08,37.53,22.00,10.00,9.00,1018.10,0.00,30.08,0.00,280.00
NYC,2026-01-29 20:51,14.69,35.98,23.00,10.00,6.00,1018.20,0.00,30.09,0.00,M
NYC,2026-01-29 21:51,13.49,39.33,22.00,10.00,6.00,1018.60,0.00,30.10,1.00,300.00
NYC,2026-01-29 22:51,11.79,39.33,22.00,10.00,8.00,1019.40,0.00,30.12,1.00,280.00
NYC,2026-01-29 23:51,21.00,42.99,21.00,10.00,0.00,1019.80,0.00,30.13,2.00,0.00
NYC,2026-01-30 00:51,10.15,42.82,20.00,10.00,7.00,1020.00,0.00,30.14,1.00,290.00
NYC,2026-01-30 01:51,8.93,46.82,19.00,10.00,7.00,1020.10,0.00,30.14,2.00,280.00
NYC,2026-01-30 02:51,6.11,51.20,18.00,10.00,9.00,1020.30,0.00,30.15,3.00,280.00
NYC,2026-01-30 03:51,7.46,46.48,17.00,10.00,6.00,1020.70,0.00,30.16,0.00,M
NYC,2026-01-30 04:51,7.39,46.31,16.00,10.00,5.00,1020.60,0.00,30.16,-1.00,280.00
NYC,2026-01-30 05:51,2.38,48.37,15.00,10.00,9.00,1020.50,0.00,30.16,-1.00,280.00
NYC,2026-01-30 06:51,3.85,48.20,14.00,10.00,6.00,1020.40,0.00,30.15,-2.00,280.00
NYC,2026-01-30 07:51,3.83,50.37,13.00,10.00,5.00,1020.70,0.00,30.16,-2.00,M
NYC,2026-01-30 08:51,0.24,47.69,11.00,10.00,6.00,1020.50,0.00,30.15,-5.00,M
NYC,2026-01-30 09:51,1.73,47.52,10.00,10.00,4.00,1020.60,0.00,30.16,-6.00,M
NYC,2026-01-30 10:51,1.73,47.52,10.00,10.00,4.00,1020.50,0.00,30.15,-6.00,M
NYC,2026-01-30 11:51,-3.26,47.35,9.00,10.00,7.00,1021.10,0.00,30.17,-7.00,300.00
NYC,2026-01-30 12:51,-5.09,49.70,9.00,10.00,9.00,1021.50,0.00,30.18,-6.00,290.00
NYC,2026-01-30 13:51,-5.09,49.70,9.00,10.00,9.00,1021.60,0.00,30.19,-6.00,280.00
NYC,2026-01-30 14:51,-2.60,43.30,11.00,10.00,9.00,1022.20,0.00,30.20,-7.00,290.00
NYC,2026-01-30 15:51,2.64,39.45,12.00,10.00,5.00,1022.00,0.00,30.20,-8.00,M
NYC,2026-01-30 16:51,1.94,37.92,14.00,10.00,8.00,1021.10,0.00,30.17,-7.00,280.00
NYC,2026-01-30 17:51,3.17,34.57,15.00,10.00,8.00,1020.40,0.00,30.15,-8.00,300.00
NYC,2026-01-30 18:51,4.16,34.93,17.00,10.00,10.00,1020.20,0.00,30.14,-6.00,280.00
NYC,2026-01-30 19:51,4.86,33.28,17.00,10.00,9.00,1019.90,0.00,30.14,-7.00,280.00
NYC,2026-01-30 20:51,M,33.45,18.00,10.00,M,1020.00,0.00,30.14,-6.00,M
NYC,2026-01-30 21:51,4.86,33.28,17.00,10.00,9.00,1020.20,0.00,30.14,-7.00,280.00
NYC,2026-01-30 22:51,5.64,36.65,17.00,10.00,8.00,1021.10,0.00,30.17,-5.00,290.00
NYC,2026-01-30 23:51,6.26,38.28,16.00,10.00,6.00,1021.30,0.00,30.18,-5.00,M
NYC,2026-01-31 00:51,M,39.98,15.00,10.00,M,1021.60,0.00,30.19,-5.00,M
NYC,2026-01-31 01:51,-0.11,41.60,13.00,10.00,9.00,1022.00,0.00,30.20,-6.00,300.00
NYC,2026-01-31 02:51,0.40,45.62,12.00,10.00,7.00,1022.20,0.00,30.21,-5.00,290.00
NYC,2026-01-31 03:51,5.82,47.86,12.00,10.00,3.00,1022.30,0.00,30.21,-4.00,M
NYC,2026-01-31 04:51,0.24,50.04,11.00,10.00,6.00,1022.30,0.00,30.21,-4.00,M
NYC,2026-01-31 05:51,-1.76,50.04,11.00,10.00,8.00,1022.10,0.00,30.20,-4.00,300.00
NYC,2026-01-31 06:51,4.68,50.04,11.00,10.00,3.00,1021.90,0.00,30.20,-4.00,300.00
NYC,2026-01-31 07:51,0.27,54.88,10.00,10.00,5.00,1021.70,0.00,30.19,-3.00,300.00
NYC,2026-01-31 08:51,1.73,54.88,10.00,10.00,4.00,1021.80,0.00,30.19,-3.00,M
NYC,2026-01-31 09:51,11.00,55.04,11.00,10.00,0.00,1021.60,0.00,30.19,-2.00,0.00
NYC,2026-01-31 10:51,1.73,60.34,10.00,10.00,4.00,1021.40,0.00,30.18,-1.00,290.00
NYC,2026-01-31 11:51,3.54,60.34,10.00,10.00,3.00,1022.00,0.00,30.20,-1.00,M
NYC,2026-01-31 12:51,2.90,60.48,11.00,10.00,4.00,1022.20,0.00,30.20,0.00,M
NYC,2026-01-31 13:51,6.97,60.77,13.00,10.00,3.00,1022.10,0.00,30.20,2.00,M
NYC,2026-01-31 14:51,2.84,58.16,14.00,10.00,7.00,1021.90,0.00,30.20,2.00,300.00
NYC,2026-01-31 15:51,11.54,53.46,17.00,10.00,3.00,1021.60,0.00,30.19,3.00,M
NYC,2026-01-31 16:51,13.41,51.52,20.00,10.00,4.00,1020.60,0.00,30.16,5.00,M
NYC,2026-01-31 17:51,12.28,47.16,21.00,10.00,6.00,1019.80,0.00,30.13,4.00,350.00
NYC,2026-01-31 18:51,14.57,47.16,21.00,10.00,4.00,1018.90,0.00,30.11,4.00,M
NYC,2026-01-31 19:51,24.00,43.51,24.00,10.00,0.00,1019.00,0.00,30.11,5.00,0.00
NYC,2026-01-31 20:51,18.40,43.34,23.00,10.00,3.00,1018.60,0.00,30.10,4.00,M
NYC,2026-01-31 21:51,23.00,43.34,23.00,10.00,0.00,1018.50,0.00,30.10,4.00,0.00
NYC,2026-01-31 22:51,17.26,45.20,22.00,10.00,3.00,1018.30,0.00,30.09,4.00,20.00
NYC,2026-01-31 23:51,13.49,45.20,22.00,10.00,6.00,1018.60,0.00,30.10,4.00,10.00
NYC,2026-02-01 00:51,10.43,45.20,22.00,10.00,10.00,1017.30,0.00,30.06,4.00,20.00
NYC,2026-02-01 01:51,5.46,51.36,19.00,10.00,12.00,1017.50,0.00,30.07,4.00,30.00
NYC,2026-02-01 02:51,8.58,51.03,17.00,10.00,5.00,1016.60,0.00,30.04,2.00,M
NYC,2026-02-01 03:51,M,53.29,16.00,10.00,M,1017.50,0.00,30.06,2.00,M
NYC,2026-02-01 04:51,-0.21,55.67,15.00,10.00,13.00,1016.20,0.00,30.03,2.00,360.00
NYC,2026-02-01 05:51,1.94,55.51,14.00,10.00,8.00,1015.00,0.00,29.99,1.00,20.00
NYC,2026-02-01 06:51,0.71,55.35,13.00,10.00,8.00,1013.90,0.00,29.96,0.00,30.00
NYC,2026-02-01 07:51,-1.54,55.35,13.00,10.00,11.00,1012.70,0.00,29.92,0.00,10.00
NYC,2026-02-01 08:51,-1.35,55.20,12.00,10.00,9.00,1012.40,0.00,29.92,-1.00,10.00
NYC,2026-02-01 09:51,-0.82,57.70,11.00,10.00,7.00,1012.60,0.00,29.92,-1.00,20.00
NYC,2026-02-01 10:51,-4.07,57.70,11.00,10.00,11.00,1011.80,0.00,29.90,-1.00,360.00
NYC,2026-02-01 11:51,-6.00,60.34,10.00,10.00,12.00,1011.00,0.00,29.87,-1.00,350.00
NYC,2026-02-01 12:51,-2.99,60.34,10.00,5.00,8.00,1011.10,0.00,29.88,-1.00,340.00
NYC,2026-02-01 13:51,-0.82,55.04,11.00,10.00,7.00,1011.60,0.00,29.89,-2.00,10.00
NYC,2026-02-01 14:51,-2.11,52.65,12.00,10.00,10.00,1011.80,0.00,29.90,-2.00,20.00
NYC,2026-02-01 15:51,3.85,50.54,14.00,10.00,6.00,1011.30,0.00,29.88,-1.00,M
NYC,2026-02-01 16:51,2.25,44.17,16.00,10.00,11.00,1010.30,0.00,29.85,-2.00,290.00
NYC,2026-02-01 17:51,6.50,40.33,17.00,10.00,7.00,1009.20,0.00,29.82,-3.00,320.00
NYC,2026-02-01 18:51,9.84,35.63,21.00,10.00,9.00,1008.70,0.00,29.81,-2.00,350.00
NYC,2026-02-01 19:51,9.27,35.81,22.00,10.00,12.00,1008.10,0.00,29.79,-1.00,300.00
NYC,2026-02-01 20:51,13.57,34.51,24.00,10.00,9.00,1008.20,0.00,29.79,0.00,300.00
NYC,2026-02-01 21:51,12.32,37.71,23.00,10.00,9.00,1008.70,0.00,29.81,1.00,300.00
NYC,2026-02-01 22:51,9.84,42.99,21.00,10.00,9.00,1009.50,0.00,29.83,2.00,300.00
NYC,2026-02-01 23:51,7.30,42.82,20.00,10.00,11.00,1009.90,0.00,29.84,1.00,290.00
NYC,2026-02-02 00:51,8.10,44.69,19.00,10.00,8.00,1010.20,0.00,29.85,1.00,300.00
NYC,2026-02-02 01:51,5.41,46.65,18.00,10.00,10.00,1010.80,0.00,29.87,1.00,300.00
NYC,2026-02-02 02:51,8.67,48.88,18.00,10.00,6.00,1011.40,0.00,29.89,2.00,M
NYC,2026-02-02 03:51,6.50,53.46,17.00,10.00,7.00,1012.10,0.00,29.91,3.00,290.00
NYC,2026-02-02 04:51,8.74,53.29,16.00,10.00,4.00,1012.80,0.00,29.93,2.00,M
NYC,2026-02-02 05:51,4.06,55.67,15.00,10.00,7.00,1013.10,0.00,29.94,2.00,290.00
NYC,2026-02-02 06:51,4.06,50.70,15.00,10.00,7.00,1013.60,0.00,29.95,0.00,300.00
NYC,2026-02-02 07:51,5.06,46.14,15.00,10.00,6.00,1013.60,0.00,29.95,-2.00,300.00
NYC,2026-02-02 08:51,8.74,44.17,16.00,10.00,4.00,1013.90,0.00,29.96,-2.00,M
NYC,2026-02-02 09:51,3.62,46.31,16.00,10.00,9.00,1014.40,0.00,29.97,-1.00,310.00
NYC,2026-02-02 10:51,3.62,48.54,16.00,10.00,9.00,1015.10,0.00,30.00,0.00,300.00
NYC,2026-02-02 11:51,8.58,46.48,17.00,10.00,5.00,1015.40,0.00,30.00,0.00,290.00
NYC,2026-02-02 12:51,6.87,48.88,18.00,10.00,8.00,1015.90,0.00,30.02,2.00,310.00
NYC,2026-02-02 13:51,8.59,44.86,20.00,10.00,9.00,1016.10,0.00,30.02,2.00,300.00
NYC,2026-02-02 14:51,M,41.38,23.00,10.00,M,1016.10,0.00,30.03,3.00,M
NYC,2026-02-02 15:51,14.88,41.90,26.00,10.00,11.00,1016.30,0.00,30.03,6.00,290.00
NYC,2026-02-02 16:51,17.41,40.38,28.00,10.00,11.00,1015.60,0.00,30.01,7.00,300.00
NYC,2026-02-02 17:51,21.20,35.72,31.00,10.00,11.00,1015.20,0.00,30.00,7.00,290.00
NYC,2026-02-02 18:51,27.22,34.65,34.00,10.00,7.00,1015.00,0.00,30.00,9.00,300.00
NYC,2026-02-02 19:51,27.22,33.13,34.00,10.00,7.00,1015.30,0.00,30.00,8.00,310.00
NYC,2026-02-02 20:51,28.44,30.42,35.00,10.00,7.00,1015.70,0.00,30.02,7.00,290.00
NYC,2026-02-02 21:51,27.58,34.48,33.00,10.00,5.00,1016.30,0.00,30.03,8.00,M
NYC,2026-02-02 22:51,25.53,37.55,32.00,10.00,6.00,1017.20,0.00,30.06,9.00,290.00
NYC,2026-02-02 23:51,M,40.89,31.00,10.00,M,1017.90,0.00,30.08,10.00,M
NYC,2026-02-03 00:51,22.83,44.36,29.00,10.00,5.00,1018.40,0.00,30.10,10.00,M
NYC,2026-02-03 01:51,20.42,42.42,29.00,10.00,8.00,1018.70,0.00,30.11,9.00,280.00
NYC,2026-02-03 02:51,19.90,44.19,28.00,10.00,7.00,1018.90,0.00,30.11,9.00,290.00
NYC,2026-02-03 03:51,21.58,46.05,27.00,10.00,4.00,1019.20,0.00,30.12,9.00,M
NYC,2026-02-03 04:51,20.46,44.02,27.00,10.00,5.00,1019.40,0.00,30.12,8.00,270.00
NYC,2026-02-03 05:51,26.00,45.88,26.00,10.00,0.00,1019.40,0.00,30.13,8.00,0.00
NYC,2026-02-03 06:51,17.47,43.85,26.00,10.00,7.00,1019.60,0.00,30.13,7.00,280.00
NYC,2026-02-03 07:51,16.25,45.71,25.00,10.00,7.00,1019.90,0.00,30.14,7.00,280.00
NYC,2026-02-03 08:51,19.25,47.83,25.00,10.00,4.00,1019.90,0.00,30.14,8.00,270.00
NYC,2026-02-03 09:51,18.08,47.83,25.00,10.00,5.00,1020.10,0.00,30.15,8.00,M
NYC,2026-02-03 10:51,15.71,52.01,23.00,10.00,5.00,1020.20,0.00,30.15,8.00,270.00
NYC,2026-02-03 11:51,16.89,49.87,24.00,10.00,5.00,1020.50,0.00,30.16,8.00,270.00
NYC,2026-02-03 12:51,16.89,47.66,24.00,10.00,5.00,1021.30,0.00,30.18,7.00,280.00
NYC,2026-02-03 13:51,18.08,45.71,25.00,10.00,5.00,1021.60,0.00,30.19,7.00,M
NYC,2026-02-03 14:51,19.27,45.88,26.00,10.00,5.00,1022.10,0.00,30.21,8.00,280.00
NYC,2026-02-03 15:51,19.51,44.02,27.00,10.00,6.00,1022.20,0.00,30.21,8.00,280.00
NYC,2026-02-03 16:51,29.00,44.36,29.00,10.00,0.00,1021.50,0.00,30.19,10.00,0.00
NYC,2026-02-03 17:51,31.00,44.70,31.00,10.00,0.00,1020.90,0.00,30.17,12.00,0.00
NYC,2026-02-03 18:51,32.00,46.89,32.00,10.00,0.00,1020.20,0.00,30.15,14.00,0.00
NYC,2026-02-03 19:51,27.58,45.04,33.00,10.00,5.00,1020.10,0.00,30.15,14.00,M
NYC,2026-02-03 20:51,29.83,43.10,33.00,10.00,3.00,1020.20,0.00,30.15,13.00,M
NYC,2026-02-03 21:51,28.59,43.10,33.00,10.00,4.00,1020.50,0.00,30.16,13.00,M
NYC,2026-02-03 22:51,25.53,42.93,32.00,10.00,6.00,1021.20,0.00,30.18,12.00,260.00
NYC,2026-02-03 23:51,27.42,44.87,32.00,10.00,4.00,1021.50,0.00,30.19,13.00,M
NYC,2026-02-04 00:51,26.40,46.89,32.00,10.00,5.00,1021.40,0.00,30.18,14.00,290.00
NYC,2026-02-04 01:51,25.53,44.87,32.00,10.00,6.00,1021.30,0.00,30.18,13.00,M
NYC,2026-02-04 02:51,25.21,44.70,31.00,10.00,5.00,1021.10,0.00,30.17,12.00,M
NYC,2026-02-04 03:51,25.21,44.70,31.00,10.00,5.00,1021.10,0.00,30.18,12.00,260.00
NYC,2026-02-04 04:51,30.00,46.55,30.00,10.00,0.00,1021.40,0.00,30.18,12.00,0.00
NYC,2026-02-04 05:51,24.02,48.66,30.00,10.00,5.00,1021.00,0.00,30.17,13.00,290.00
NYC,2026-02-04 06:51,31.00,46.72,31.00,10.00,0.00,1021.20,0.00,30.18,13.00,0.00
NYC,2026-02-04 07:51,26.40,48.66,30.00,10.00,3.00,1021.10,0.00,30.18,13.00,240.00
NYC,2026-02-04 08:51,26.40,53.12,30.00,10.00,3.00,1021.00,0.00,30.17,15.00,M
NYC,2026-02-04 09:51,26.40,55.49,30.00,10.00,3.00,1021.20,0.00,30.18,16.00,270.00
NYC,2026-02-04 10:51,27.55,53.28,31.00,10.00,3.00,1021.30,0.00,30.18,16.00,260.00
NYC,2026-02-04 11:51,26.25,53.28,31.00,10.00,4.00,1021.50,0.00,30.19,16.00,290.00
NYC,2026-02-04 12:51,25.08,50.84,30.00,9.00,4.00,1022.10,0.00,30.21,14.00,M
NYC,2026-02-04 13:51,20.42,57.80,29.00,10.00,8.00,1022.80,0.00,30.23,16.00,310.00
NYC,2026-02-04 14:51,25.26,50.68,29.00,10.00,3.00,1023.30,0.00,30.24,13.00,M
NYC,2026-02-04 15:51,21.12,38.75,29.00,10.00,7.00,1023.40,0.00,30.24,7.00,300.00
NYC,2026-02-04 16:51,25.26,38.75,29.00,10.00,3.00,1023.00,0.00,30.23,7.00,M
NYC,2026-02-04 17:51,23.12,37.20,30.00,10.00,6.00,1022.60,0.00,30.22,7.00,M
NYC,2026-02-04 18:51,26.25,34.13,31.00,10.00,4.00,1022.20,0.00,30.21,6.00,280.00
NYC,2026-02-04 19:51,26.40,34.31,32.00,10.00,5.00,1021.60,0.00,30.19,7.00,M
NYC,2026-02-04 20:51,26.73,34.48,33.00,10.00,6.00,1021.50,0.00,30.19,8.00,M
NYC,2026-02-04 21:51,M,35.90,32.00,10.00,M,1021.40,0.00,30.18,8.00,M
NYC,2026-02-04 22:51,26.40,35.90,32.00,10.00,5.00,1022.20,0.00,30.21,8.00,270.00
NYC,2026-02-04 23:51,26.25,39.10,31.00,10.00,4.00,1022.50,0.00,30.22,9.00,M
NYC,2026-02-05 00:51,24.33,37.38,31.00,10.00,6.00,1022.20,0.00,30.21,8.00,300.00
NYC,2026-02-05 01:51,25.26,40.55,29.00,10.00,3.00,1022.00,0.00,30.20,8.00,M
NYC,2026-02-05 02:51,28.00,40.38,28.00,10.00,0.00,1021.90,0.00,30.20,7.00,0.00
NYC,2026-02-05 03:51,21.64,40.38,28.00,10.00,5.00,1021.90,0.00,30.20,7.00,330.00
NYC,2026-02-05 04:51,26.00,43.85,26.00,10.00,0.00,1021.70,0.00,30.19,7.00,0.00
NYC,2026-02-05 05:51,25.00,47.83,25.00,10.00,0.00,1021.10,0.00,30.17,8.00,0.00
NYC,2026-02-05 06:51,19.54,52.17,24.00,10.00,3.00,1020.60,0.00,30.16,9.00,M
NYC,2026-02-05 07:51,18.40,54.40,23.00,10.00,3.00,1020.00,0.00,30.14,9.00,M
NYC,2026-02-05 08:51,15.74,56.75,22.00,10.00,4.00,1019.70,0.00,30.13,9.00,M
NYC,2026-02-05 09:51,14.57,59.20,21.00,10.00,4.00,1019.90,0.00,30.14,9.00,290.00
NYC,2026-02-05 10:51,16.11,59.20,21.00,10.00,3.00,1019.90,0.00,30.14,9.00,M
NYC,2026-02-05 11:51,20.00,61.78,20.00,10.00,0.00,1019.50,0.00,30.13,9.00,0.00
NYC,2026-02-05 12:51,20.00,64.61,20.00,10.00,0.00,1019.90,0.00,30.14,10.00,0.00
NYC,2026-02-05 13:51,16.11,59.20,21.00,10.00,3.00,1019.60,0.00,30.13,9.00,M
NYC,2026-02-05 14:51,16.91,56.90,23.00,10.00,4.00,1019.60,0.00,30.13,10.00,M
NYC,2026-02-05 15:51,20.69,52.33,25.00,10.00,3.00,1019.30,0.00,30.12,10.00,M
NYC,2026-02-05 16:51,21.64,48.33,28.00,10.00,5.00,1018.10,0.00,30.09,11.00,360.00
NYC,2026-02-05 17:51,29.00,44.36,29.00,10.00,0.00,1016.90,0.00,30.05,10.00,0.00
NYC,2026-02-05 18:51,30.00,42.59,30.00,10.00,0.00,1015.90,0.00,30.02,10.00,0.00
NYC,2026-02-05 19:51,28.69,41.06,32.00,10.00,3.00,1015.00,0.00,30.00,11.00,M
NYC,2026-02-05 20:51,25.21,37.38,31.00,10.00,5.00,1014.50,0.00,29.98,8.00,350.00
NYC,2026-02-05 21:51,31.00,40.89,31.00,10.00,0.00,1014.40,0.00,29.98,10.00,0.00
NYC,2026-02-05 22:51,30.00,42.59,30.00,10.00,0.00,1014.60,0.00,29.98,10.00,0.00
NYC,2026-02-05 23:51,25.08,42.59,30.00,10.00,4.00,1014.60,0.00,29.98,10.00,50.00
NYC,2026-02-06 00:51,23.92,44.36,29.00,10.00,4.00,1013.90,0.00,29.96,10.00,60.00
NYC,2026-02-06 01:51,22.83,44.36,29.00,10.00,5.00,1013.70,0.00,29.96,10.00,50.00
NYC,2026-02-06 02:51,24.12,46.22,28.00,10.00,3.00,1012.60,0.00,29.92,10.00,40.00
NYC,2026-02-06 03:51,19.90,48.33,28.00,10.00,7.00,1011.90,0.00,29.90,11.00,20.00
NYC,2026-02-06 04:51,20.46,46.05,27.00,10.00,5.00,1012.20,0.00,29.91,9.00,M
NYC,2026-02-06 05:51,21.58,42.07,27.00,10.00,4.00,1011.90,0.00,29.90,7.00,M
NYC,2026-02-06 06:51,19.27,48.00,26.00,10.00,5.00,1011.60,0.00,29.89,9.00,10.00
NYC,2026-02-06 07:51,19.25,54.72,25.00,10.00,4.00,1010.90,0.00,29.88,11.00,10.00
NYC,2026-02-06 08:51,16.89,54.56,24.00,10.00,5.00,1009.90,0.00,29.85,10.00,40.00
NYC,2026-02-06 09:51,18.08,49.87,24.00,10.00,4.00,1009.60,0.00,29.83,8.00,20.00
NYC,2026-02-06 10:51,16.91,59.50,23.00,10.00,4.00,1009.30,0.00,29.83,11.00,20.00
NYC,2026-02-06 11:51,18.08,49.87,24.00,10.00,4.00,1008.60,0.00,29.81,8.00,30.00
NYC,2026-02-06 12:51,18.08,49.87,24.00,10.00,4.00,1008.40,0.00,29.80,8.00,30.00
NYC,2026-02-06 13:51,19.27,48.00,26.00,10.00,5.00,1007.60,0.00,29.78,9.00,40.00
NYC,2026-02-06 14:51,22.83,44.36,29.00,9.00,5.00,1006.70,0.00,29.75,10.00,90.00
NYC,2026-02-06 15:51,25.26,46.39,29.00,10.00,3.00,1006.30,0.00,29.74,11.00,M
NYC,2026-02-06 16:51,27.55,44.70,31.00,10.00,3.00,1005.60,0.00,29.72,12.00,M
NYC,2026-02-06 17:51,28.69,42.93,32.00,10.00,3.00,1004.50,0.00,29.68,12.00,M
NYC,2026-02-06 18:51,28.69,42.93,32.00,10.00,3.00,1003.70,0.00,29.66,12.00,290.00
NYC,2026-02-06 19:51,32.00,42.93,32.00,10.00,0.00,1003.50,0.00,29.65,12.00,0.00
NYC,2026-02-06 20:51,25.53,46.89,32.00,10.00,6.00,1003.00,0.00,29.64,14.00,220.00
NYC,2026-02-06 21:51,M,42.93,32.00,10.00,M,1002.40,0.00,29.62,12.00,M
NYC,2026-02-06 22:51,23.56,44.70,31.00,10.00,7.00,1002.60,0.00,29.63,12.00,230.00
NYC,2026-02-06 23:51,24.02,48.66,30.00,10.00,5.00,1002.60,0.00,29.63,13.00,260.00
NYC,2026-02-07 00:51,24.02,55.49,30.00,10.00,5.00,1002.60,0.00,29.63,16.00,M
NYC,2026-02-07 01:51,19.19,65.66,28.00,7.00,8.00,1002.50,0.00,29.63,18.00,250.00
NYC,2026-02-07 02:51,17.95,77.78,27.00,1.50,8.00,1002.10,T,29.62,21.00,260.00
NYC,2026-02-07 03:51,18.30,81.07,26.00,2.50,6.00,1001.70,0.01,29.60,21.00,270.00
NYC,2026-02-07 04:51,21.58,77.78,27.00,4.00,4.00,1001.20,0.08,29.59,21.00,M
NYC,2026-02-07 05:51,16.05,81.07,26.00,1.00,9.00,1000.80,0.07,29.58,21.00,240.00
NYC,2026-02-07 06:51,21.83,81.07,26.00,3.00,3.00,1000.40,0.08,29.56,21.00,M
NYC,2026-02-07 07:51,21.83,77.69,26.00,5.00,3.00,999.80,0.13,29.55,20.00,M
NYC,2026-02-07 08:51,17.47,81.07,26.00,4.00,7.00,999.70,0.17,29.54,21.00,290.00
NYC,2026-02-07 09:51,17.95,74.54,27.00,3.00,8.00,999.90,0.06,29.55,20.00,290.00
NYC,2026-02-07 10:51,14.19,47.83,25.00,10.00,10.00,1001.10,0.04,29.59,8.00,300.00
NYC,2026-02-07 11:51,6.19,38.98,20.00,10.00,13.00,1003.00,0.00,29.64,-1.00,300.00
NYC,2026-02-07 12:51,1.83,38.45,17.00,10.00,14.00,1004.10,0.00,29.67,-4.00,300.00
NYC,2026-02-07 13:51,-4.77,39.81,14.00,10.00,20.00,1005.20,0.00,29.71,-6.00,300.00
NYC,2026-02-07 14:51,-7.90,41.24,11.00,10.00,18.00,1006.20,0.00,29.73,-8.00,310.00
NYC,2026-02-07 15:51,M,35.76,12.00,10.00,M,1006.70,0.00,29.75,-10.00,M
NYC,2026-02-07 16:51,-2.81,37.57,12.00,10.00,11.00,1006.40,0.52,29.74,-9.00,300.00
NYC,2026-02-07 17:51,-7.01,37.57,12.00,10.00,19.00,1006.50,0.60,29.74,-9.00,310.00
NYC,2026-02-07 18:51,-7.44,37.39,11.00,10.00,17.00,1007.00,0.00,29.76,-10.00,300.00
NYC,2026-02-07 19:51,-6.58,35.76,12.00,10.00,18.00,1008.30,0.00,29.79,-10.00,300.00
NYC,2026-02-07 20:51,-7.44,35.58,11.00,10.00,17.00,1009.40,0.00,29.83,-11.00,300.00
NYC,2026-02-07 21:51,-6.62,35.41,10.00,10.00,13.00,1010.90,0.00,29.87,-12.00,300.00
NYC,2026-02-07 22:51,-10.53,35.23,9.00,10.00,18.00,1012.90,0.00,29.93,-13.00,300.00
NYC,2026-02-07 23:51,-11.84,36.85,8.00,10.00,18.00,1014.80,0.00,29.99,-13.00,300.00
NYC,2026-02-08 00:51,-9.13,40.53,7.00,10.00,11.00,1015.20,0.00,30.00,-12.00,300.00
NYC,2026-02-08 01:51,-9.13,40.53,7.00,10.00,11.00,1016.10,0.00,30.02,-12.00,300.00
NYC,2026-02-08 02:51,-8.38,42.59,7.00,10.00,10.00,1016.90,0.00,30.05,-11.00,300.00
NYC,2026-02-08 03:51,-10.39,44.57,6.00,10.00,11.00,1017.00,0.00,30.05,-11.00,290.00
NYC,2026-02-08 04:51,-12.35,44.57,6.00,10.00,14.00,1017.70,0.00,30.07,-11.00,300.00
NYC,2026-02-08 05:51,-9.15,44.40,5.00,10.00,8.00,1018.30,0.00,30.09,-12.00,330.00
NYC,2026-02-08 06:51,-11.65,44.40,5.00,10.00,11.00,1018.80,0.00,30.10,-12.00,300.00
NYC,2026-02-08 07:51,-10.89,44.40,5.00,10.00,10.00,1019.10,0.00,30.11,-12.00,300.00
NYC,2026-02-08 08:51,-14.30,44.22,4.00,10.00,13.00,1019.40,0.00,30.12,-13.00,300.00
NYC,2026-02-08 09:51,-14.93,46.48,4.00,10.00,14.00,1019.80,0.00,30.13,-12.00,300.00
NYC,2026-02-08 10:51,-13.40,48.68,3.00,10.00,10.00,1020.40,0.00,30.15,-12.00,300.00
NYC,2026-02-08 11:51,-15.58,46.31,3.00,10.00,13.00,1020.80,0.00,30.16,-13.00,300.00
NYC,2026-02-08 12:51,-16.08,44.22,4.00,10.00,16.00,1021.40,0.00,30.18,-13.00,300.00
NYC,2026-02-08 13:51,-11.65,44.40,5.00,10.00,11.00,1021.90,0.00,30.19,-12.00,320.00
NYC,2026-02-08 14:51,-9.64,40.35,6.00,10.00,10.00,1021.70,0.00,30.19,-13.00,300.00
NYC,2026-02-08 15:51,-7.86,40.71,8.00,10.00,11.00,1021.40,0.00,30.18,-11.00,290.00
NYC,2026-02-08 16:51,-1.76,35.58,11.00,10.00,8.00,1021.30,0.00,30.18,-11.00,300.00
NYC,2026-02-08 17:51,-3.85,32.57,13.00,10.00,15.00,1020.70,0.00,30.16,-11.00,300.00
NYC,2026-02-08 18:51,3.17,32.92,15.00,10.00,8.00,1020.30,0.00,30.15,-9.00,280.00
NYC,2026-02-08 19:51,2.90,34.75,16.00,10.00,10.00,1020.50,0.00,30.15,-7.00,300.00
NYC,2026-02-08 20:51,4.86,34.93,17.00,10.00,9.00,1021.00,0.00,30.17,-6.00,310.00
NYC,2026-02-08 21:51,0.87,34.93,17.00,10.00,16.00,1021.30,0.00,30.18,-6.00,300.00
NYC,2026-02-08 22:51,1.83,36.65,17.00,10.00,14.00,1022.20,0.00,30.21,-5.00,310.00
NYC,2026-02-08 23:51,0.37,39.98,15.00,10.00,12.00,1022.70,0.00,30.22,-5.00,300.00
NYC,2026-02-09 00:51,-2.04,41.77,14.00,10.00,14.00,1022.70,0.00,30.22,-5.00,300.00
NYC,2026-02-09 01:51,3.83,43.65,13.00,10.00,5.00,1022.90,0.00,30.23,-5.00,M
NYC,2026-02-09 02:51,-0.86,43.65,13.00,10.00,10.00,1023.40,0.00,30.24,-5.00,300.00
NYC,2026-02-09 03:51,-0.52,47.86,12.00,10.00,8.00,1024.00,0.00,30.26,-4.00,290.00
NYC,2026-02-09 04:51,-0.82,50.04,11.00,10.00,7.00,1024.30,0.00,30.27,-4.00,300.00
NYC,2026-02-09 05:51,-0.82,50.04,11.00,10.00,7.00,1024.30,0.00,30.27,-4.00,300.00
NYC,2026-02-09 06:51,1.73,52.32,10.00,10.00,4.00,1024.70,0.00,30.28,-4.00,M
NYC,2026-02-09 07:51,-0.97,52.32,10.00,10.00,6.00,1024.60,0.00,30.27,-4.00,290.00
NYC,2026-02-09 08:51,M,54.88,10.00,10.00,M,1024.40,0.00,30.27,-3.00,M
NYC,2026-02-09 09:51,-2.99,54.88,10.00,10.00,8.00,1024.40,0.00,30.27,-3.00,290.00
NYC,2026-02-09 10:51,-3.84,54.88,10.00,10.00,9.00,1024.70,0.00,30.28,-3.00,310.00
NYC,2026-02-09 11:51,-0.82,52.48,11.00,10.00,7.00,1025.40,0.00,30.30,-3.00,300.00
NYC,2026-02-09 12:51,0.24,50.04,11.00,10.00,6.00,1025.80,0.00,30.31,-4.00,300.00
NYC,2026-02-09 13:51,2.65,45.80,13.00,10.00,6.00,1025.70,0.00,30.31,-4.00,M
NYC,2026-02-09 14:51,8.74,44.17,16.00,10.00,4.00,1025.90,0.00,30.31,-2.00,M
NYC,2026-02-09 15:51,13.83,40.69,19.00,10.00,3.00,1025.50,0.00,30.30,-1.00,M
NYC,2026-02-09 16:51,15.71,34.33,23.00,10.00,5.00,1025.00,0.00,30.29,-1.00,M
NYC,2026-02-09 17:51,18.68,33.44,27.00,10.00,7.00,1023.90,0.00,30.25,2.00,280.00
NYC,2026-02-09 18:51,21.64,32.09,28.00,10.00,5.00,1023.00,0.00,30.23,2.00,M
NYC,2026-02-09 19:51,22.83,30.80,29.00,10.00,5.00,1022.50,0.00,30.21,2.00,M
NYC,2026-02-09 20:51,22.88,29.74,31.00,10.00,8.00,1022.30,0.00,30.21,3.00,290.00
NYC,2026-02-09 21:51,25.08,30.97,30.00,10.00,4.00,1022.20,0.00,30.21,3.00,270.00
NYC,2026-02-09 22:51,24.02,30.97,30.00,10.00,5.00,1022.00,0.00,30.20,3.00,M
NYC,2026-02-09 23:51,25.08,32.44,30.00,10.00,4.00,1022.60,0.00,30.22,4.00,M
NYC,2026-02-10 00:51,30.00,32.44,30.00,10.00,0.00,1022.30,0.00,30.21,4.00,0.00
NYC,2026-02-10 01:51,23.92,33.79,29.00,10.00,4.00,1022.70,0.00,30.22,4.00,310.00
NYC,2026-02-10 02:51,22.75,35.20,28.00,10.00,4.00,1022.50,0.00,30.22,4.00,290.00
NYC,2026-02-10 03:51,22.75,33.62,28.00,10.00,4.00,1021.80,0.00,30.20,3.00,280.00
NYC,2026-02-10 04:51,27.00,36.68,27.00,10.00,0.00,1021.60,0.00,30.19,4.00,0.00
NYC,2026-02-10 05:51,22.97,35.03,27.00,10.00,3.00,1021.40,0.00,30.18,3.00,M
NYC,2026-02-10 06:51,20.41,38.23,26.00,10.00,4.00,1021.50,0.00,30.19,4.00,280.00
NYC,2026-02-10 07:51,25.00,39.86,25.00,10.00,0.00,1021.00,0.00,30.17,4.00,0.00
NYC,2026-02-10 08:51,20.69,41.73,25.00,10.00,3.00,1021.20,0.00,30.18,5.00,M
NYC,2026-02-10 09:51,19.54,43.51,24.00,10.00,3.00,1020.90,0.00,30.17,5.00,300.00
NYC,2026-02-10 10:51,19.25,39.86,25.00,10.00,4.00,1020.90,0.00,30.17,4.00,M
NYC,2026-02-10 11:51,20.69,39.86,25.00,10.00,3.00,1021.30,0.00,30.18,4.00,290.00
NYC,2026-02-10 12:51,26.00,40.03,26.00,10.00,0.00,1020.80,0.00,30.17,5.00,0.00
NYC,2026-02-10 13:51,28.00,40.38,28.00,10.00,0.00,1021.00,0.00,30.17,7.00,0.00
NYC,2026-02-10 14:51,26.40,44.53,30.00,9.00,3.00,1021.00,0.00,30.17,11.00,50.00
NYC,2026-02-10 15:51,27.55,42.76,31.00,9.00,3.00,1020.30,0.00,30.15,11.00,40.00
NYC,2026-02-10 16:51,30.97,39.61,34.00,8.00,3.00,1019.20,0.00,30.12,12.00,50.00
NYC,2026-02-10 17:51,35.00,36.41,35.00,10.00,0.00,1017.80,0.00,30.08,11.00,0.00
NYC,2026-02-10 18:51,35.00,33.30,35.00,10.00,0.00,1016.60,0.00,30.04,9.00,0.00
NYC,2026-02-10 19:51,32.09,29.24,36.00,10.00,4.00,1015.80,0.00,30.02,7.00,130.00
NYC,2026-02-10 20:51,27.58,47.05,33.00,10.00,5.00,1014.90,0.00,29.99,15.00,140.00
NYC,2026-02-10 21:51,26.73,49.15,33.00,10.00,6.00,1014.10,0.00,29.97,16.00,160.00
NYC,2026-02-10 22:51,29.83,51.32,33.00,10.00,3.00,1012.80,0.00,29.93,17.00,M
NYC,2026-02-10 23:51,29.76,61.06,34.00,10.00,4.00,1011.90,0.00,29.90,22.00,150.00
NYC,2026-02-11 00:51,M,69.37,35.00,10.00,M,1010.30,0.00,29.86,26.00,M
NYC,2026-02-11 01:51,33.26,66.67,36.00,10.00,3.00,1009.60,0.00,29.84,26.00,M
NYC,2026-02-11 02:51,35.00,69.37,35.00,10.00,0.00,1009.70,0.00,29.84,26.00,0.00
NYC,2026-02-11 03:51,36.00,63.96,36.00,10.00,0.00,1008.20,0.00,29.79,25.00,0.00
NYC,2026-02-11 04:51,33.26,66.67,36.00,10.00,3.00,1007.10,0.00,29.76,26.00,30.00
NYC,2026-02-11 05:51,29.83,88.57,33.00,6.00,3.00,1006.10,0.06,29.73,30.00,M
NYC,2026-02-11 06:51,28.77,78.41,34.00,9.00,5.00,1005.20,T,29.70,28.00,M
NYC,2026-02-11 07:51,33.00,75.15,33.00,9.00,0.00,1005.00,0.00,29.70,26.00,0.00
NYC,2026-02-11 08:51,33.00,69.14,33.00,10.00,0.00,1005.20,0.00,29.70,24.00,0.00
NYC,2026-02-11 09:51,29.76,63.69,34.00,10.00,4.00,1005.90,0.00,29.73,23.00,280.00
NYC,2026-02-11 10:51,30.92,61.20,35.00,9.00,4.00,1006.10,0.00,29.73,23.00,M
NYC,2026-02-11 11:51,31.15,58.82,36.00,9.00,5.00,1006.80,0.00,29.75,23.00,M
NYC,2026-02-11 12:51,33.26,56.54,37.00,8.00,4.00,1007.10,0.00,29.76,23.00,250.00
NYC,2026-02-11 13:51,35.59,54.51,39.00,8.00,4.00,1007.50,0.00,29.78,24.00,M
NYC,2026-02-11 14:51,35.90,52.43,40.00,9.00,5.00,1007.20,0.00,29.77,24.00,M
NYC,2026-02-11 15:51,35.20,50.43,41.00,10.00,8.00,1007.20,0.00,29.77,24.00,270.00
NYC,2026-02-11 16:51,35.17,52.43,40.00,10.00,6.00,1007.00,0.00,29.76,24.00,270.00
NYC,2026-02-11 17:51,33.97,54.66,40.00,10.00,8.00,1006.60,0.00,29.75,25.00,280.00
NYC,2026-02-11 18:51,M,54.66,40.00,10.00,M,1006.60,0.00,29.75,25.00,M
NYC,2026-02-11 19:51,M,44.27,40.00,10.00,M,1006.70,0.00,29.75,20.00,M
NYC,2026-02-11 20:51,33.31,44.11,39.00,10.00,7.00,1007.20,0.00,29.76,19.00,300.00
NYC,2026-02-11 21:51,33.31,42.25,39.00,10.00,7.00,1008.00,0.00,29.79,18.00,300.00
NYC,2026-02-11 22:51,30.97,42.08,38.00,10.00,9.00,1008.80,0.00,29.81,17.00,290.00
NYC,2026-02-11 23:51,30.27,45.70,37.00,10.00,8.00,1009.30,0.00,29.83,18.00,270.00
NYC,2026-02-12 00:51,27.98,45.54,36.00,10.00,10.00,1009.80,0.00,29.84,17.00,270.00
NYC,2026-02-12 01:51,26.69,45.54,36.00,10.00,13.00,1009.80,0.00,29.85,17.00,280.00
NYC,2026-02-12 02:51,30.35,45.54,36.00,10.00,6.00,1010.00,0.00,29.85,17.00,M
NYC,2026-02-12 03:51,26.73,49.47,35.00,10.00,10.00,1010.20,0.00,29.86,18.00,300.00
NYC,2026-02-12 04:51,27.24,49.47,35.00,10.00,9.00,1010.70,0.00,29.87,18.00,300.00
NYC,2026-02-12 05:51,26.73,47.38,35.00,10.00,10.00,1010.60,0.00,29.87,17.00,290.00
NYC,2026-02-12 06:51,M,51.48,34.00,10.00,M,1011.00,0.00,29.88,18.00,M
NYC,2026-02-12 07:51,26.58,49.31,34.00,10.00,8.00,1011.30,0.00,29.89,17.00,300.00
NYC,2026-02-12 08:51,24.22,51.32,33.00,10.00,10.00,1012.00,0.00,29.91,17.00,290.00
NYC,2026-02-12 09:51,27.42,48.98,32.00,10.00,4.00,1012.60,0.00,29.92,15.00,M
NYC,2026-02-12 10:51,19.87,53.28,31.00,10.00,14.00,1013.10,0.00,29.94,16.00,300.00
NYC,2026-02-12 11:51,22.27,51.01,31.00,10.00,9.00,1013.60,0.00,29.95,15.00,310.00
NYC,2026-02-12 12:51,23.56,51.01,31.00,10.00,7.00,1014.40,0.00,29.98,15.00,300.00
NYC,2026-02-12 13:51,20.29,48.82,31.00,10.00,13.00,1014.80,0.00,29.99,14.00,300.00
NYC,2026-02-12 14:51,22.47,46.89,32.00,10.00,11.00,1014.90,0.00,29.99,14.00,310.00
NYC,2026-02-12 15:51,22.45,45.04,33.00,10.00,14.00,1015.00,0.00,29.99,14.00,300.00
NYC,2026-02-12 16:51,24.22,45.04,33.00,10.00,10.00,1014.80,0.00,29.99,14.00,300.00
NYC,2026-02-12 17:51,26.26,41.57,35.00,10.00,11.00,1014.60,0.00,29.98,14.00,310.00
NYC,2026-02-12 18:51,28.44,41.57,35.00,10.00,7.00,1014.30,0.00,29.97,14.00,300.00
NYC,2026-02-12 19:51,26.73,39.79,35.00,10.00,10.00,1014.60,0.00,29.98,13.00,300.00
NYC,2026-02-12 20:51,27.98,39.96,36.00,10.00,10.00,1014.80,0.00,29.99,14.00,300.00
NYC,2026-02-12 21:51,27.94,43.27,34.00,10.00,6.00,1015.30,0.00,30.00,14.00,M
NYC,2026-02-12 22:51,24.22,43.10,33.00,10.00,10.00,1015.90,0.00,30.02,13.00,300.00
NYC,2026-02-12 23:51,M,46.89,32.00,10.00,M,1016.60,0.00,30.04,14.00,M
NYC,2026-02-13 00:51,25.21,48.82,31.00,10.00,5.00,1017.10,0.00,30.06,14.00,M
NYC,2026-02-13 01:51,21.03,50.84,30.00,10.00,9.00,1017.60,0.00,30.07,14.00,310.00
NYC,2026-02-13 02:51,19.21,52.96,29.00,10.00,10.00,1017.90,0.00,30.08,14.00,300.00
NYC,2026-02-13 03:51,17.41,48.33,28.00,10.00,11.00,1017.90,0.00,30.08,11.00,310.00
NYC,2026-02-13 04:51,M,50.36,27.00,10.00,M,1018.30,0.00,30.09,11.00,M
NYC,2026-02-13 05:51,18.30,52.49,26.00,10.00,6.00,1018.40,0.00,30.10,11.00,290.00
NYC,2026-02-13 06:51,14.19,54.72,25.00,10.00,10.00,1018.70,0.00,30.11,11.00,300.00
NYC,2026-02-13 07:51,15.03,57.05,24.00,10.00,7.00,1018.90,0.00,30.11,11.00,310.00
NYC,2026-02-13 08:51,15.90,54.56,24.00,10.00,6.00,1019.00,0.00,30.11,10.00,310.00
NYC,2026-02-13 09:51,15.71,56.90,23.00,10.00,5.00,1019.30,0.00,30.12,10.00,310.00
NYC,2026-02-13 10:51,14.69,56.90,23.00,10.00,6.00,1020.00,0.00,30.14,10.00,M
NYC,2026-02-13 11:51,15.74,62.06,22.00,10.00,4.00,1020.40,0.00,30.15,11.00,M
NYC,2026-02-13 12:51,23.00,59.50,23.00,10.00,0.00,1021.00,0.00,30.17,11.00,0.00
NYC,2026-02-13 13:51,20.69,54.72,25.00,10.00,3.00,1021.50,0.00,30.19,11.00,M
NYC,2026-02-13 14:51,30.00,46.55,30.00,10.00,0.00,1021.70,0.00,30.19,12.00,0.00
NYC,2026-02-13 15:51,26.40,46.55,30.00,10.00,3.00,1021.70,0.00,30.19,12.00,M
NYC,2026-02-13 16:51,27.42,41.06,32.00,10.00,4.00,1021.10,0.00,30.17,11.00,M
NYC,2026-02-13 17:51,30.97,39.61,34.00,10.00,3.00,1020.30,0.00,30.15,12.00,M
NYC,2026-02-13 18:51,29.65,34.99,36.00,10.00,7.00,1019.90,0.00,30.14,11.00,310.00
NYC,2026-02-13 19:51,37.00,36.75,37.00,10.00,0.00,1019.60,0.00,30.13,13.00,0.00
NYC,2026-02-13 20:51,35.55,33.81,38.00,10.00,3.00,1019.40,0.00,30.13,12.00,280.00
NYC,2026-02-13 21:51,31.55,35.17,37.00,10.00,6.00,1019.50,0.00,30.13,12.00,270.00
NYC,2026-02-13 22:51,32.33,35.17,37.00,10.00,5.00,1019.90,0.00,30.14,12.00,M
NYC,2026-02-13 23:51,31.15,38.24,36.00,10.00,5.00,1020.00,0.00,30.14,13.00,250.00
NYC,2026-02-14 00:51,M,43.27,34.00,10.00,M,1020.10,0.00,30.14,14.00,M
NYC,2026-02-14 01:51,28.59,45.04,33.00,10.00,4.00,1020.30,0.00,30.15,14.00,M
NYC,2026-02-14 02:51,28.59,45.04,33.00,10.00,4.00,1020.10,0.00,30.15,14.00,M
NYC,2026-02-14 03:51,25.53,44.87,32.00,10.00,6.00,1020.20,0.00,30.15,13.00,270.00
NYC,2026-02-14 04:51,24.33,46.72,31.00,10.00,6.00,1020.40,0.00,30.15,13.00,270.00
NYC,2026-02-14 05:51,26.25,46.72,31.00,10.00,4.00,1019.80,0.00,30.14,13.00,260.00
NYC,2026-02-14 06:51,31.00,46.72,31.00,10.00,0.00,1019.90,0.00,30.14,13.00,0.00
NYC,2026-02-14 07:51,24.33,48.82,31.00,10.00,6.00,1019.60,0.00,30.13,14.00,230.00
NYC,2026-02-14 08:51,26.25,51.01,31.00,10.00,4.00,1019.60,0.00,30.13,15.00,270.00
NYC,2026-02-14 09:51,M,60.50,30.00,10.00,M,1019.40,T,30.12,18.00,M
NYC,2026-02-14 10:51,M,46.89,32.00,10.00,M,1019.30,0.00,30.12,14.00,M
NYC,2026-02-14 11:51,27.58,45.04,33.00,10.00,5.00,1019.20,0.00,30.12,14.00,M
NYC,2026-02-14 12:51,27.42,48.98,32.00,10.00,4.00,1019.20,0.00,30.12,15.00,240.00
NYC,2026-02-14 13:51,33.00,45.04,33.00,10.00,0.00,1019.20,0.00,30.12,14.00,0.00
NYC,2026-02-14 14:51,35.00,47.38,35.00,10.00,0.00,1018.80,0.00,30.11,17.00,0.00
NYC,2026-02-14 15:51,34.40,45.70,37.00,10.00,3.00,1018.50,0.00,30.10,18.00,M
NYC,2026-02-14 16:51,35.17,44.27,40.00,10.00,6.00,1017.70,0.00,30.07,20.00,M
NYC,2026-02-14 17:51,39.41,44.93,44.00,9.00,7.00,1017.00,0.00,30.06,24.00,300.00
NYC,2026-02-14 18:51,41.83,43.25,45.00,10.00,5.00,1016.30,0.00,30.04,24.00,M
NYC,2026-02-14 19:51,41.83,41.48,45.00,10.00,5.00,1016.30,0.00,30.04,23.00,270.00
NYC,2026-02-14 20:51,41.36,38.28,46.00,10.00,8.00,1016.70,0.00,30.05,22.00,310.00
NYC,2026-02-14 21:51,42.60,39.76,45.00,10.00,4.00,1017.00,0.00,30.06,22.00,300.00
NYC,2026-02-14 22:51,43.00,44.77,43.00,10.00,0.00,1018.20,0.00,30.09,23.00,0.00
NYC,2026-02-14 23:51,42.00,46.52,42.00,10.00,0.00,1018.50,0.00,30.10,23.00,0.00
NYC,2026-02-15 00:51,41.00,48.36,41.00,10.00,0.00,1018.70,0.00,30.11,23.00,0.00
NYC,2026-02-15 01:51,37.93,50.43,41.00,10.00,4.00,1018.80,0.00,30.11,24.00,M
NYC,2026-02-15 02:51,37.83,52.43,40.00,10.00,3.00,1018.80,0.00,30.11,24.00,40.00
NYC,2026-02-15 03:51,36.69,56.84,39.00,10.00,3.00,1018.50,0.00,30.10,25.00,30.00
NYC,2026-02-15 04:51,38.00,56.69,38.00,10.00,0.00,1018.60,0.00,30.10,24.00,0.00
NYC,2026-02-15 05:51,38.00,56.69,38.00,10.00,0.00,1018.10,0.00,30.09,24.00,0.00
NYC,2026-02-15 06:51,38.00,56.69,38.00,10.00,0.00,1017.30,0.00,30.07,24.00,0.00
NYC,2026-02-15 07:51,38.00,59.11,38.00,10.00,0.00,1017.00,0.00,30.06,25.00,0.00
NYC,2026-02-15 08:51,36.00,63.96,36.00,10.00,0.00,1016.90,0.00,30.05,25.00,0.00
NYC,2026-02-15 09:51,35.00,66.55,35.00,9.00,0.00,1016.70,0.00,30.05,25.00,0.00
NYC,2026-02-15 10:51,30.97,72.20,34.00,9.00,3.00,1016.90,0.00,30.06,26.00,300.00
NYC,2026-02-15 11:51,33.00,72.09,33.00,9.00,0.00,1017.60,0.00,30.07,25.00,0.00
NYC,2026-02-15 12:51,36.00,66.67,36.00,8.00,0.00,1018.50,0.00,30.10,26.00,0.00
NYC,2026-02-15 13:51,35.59,56.84,39.00,8.00,4.00,1018.80,0.00,30.11,25.00,50.00
NYC,2026-02-15 14:51,35.59,61.75,39.00,7.00,4.00,1018.70,0.00,30.11,27.00,40.00
NYC,2026-02-15 15:51,34.71,59.25,39.00,7.00,5.00,1019.00,0.00,30.12,26.00,50.00
NYC,2026-02-15 16:51,36.76,56.98,40.00,7.00,4.00,1018.70,0.00,30.11,26.00,60.00
NYC,2026-02-15 17:51,32.09,59.11,38.00,8.00,7.00,1018.50,0.00,30.10,25.00,50.00
NYC,2026-02-15 18:51,33.52,56.69,38.00,8.00,5.00,1018.10,0.00,30.09,24.00,M
NYC,2026-02-15 19:51,30.97,56.69,38.00,8.00,9.00,1018.40,0.00,30.10,24.00,60.00
NYC,2026-02-15 20:51,35.59,54.51,39.00,8.00,4.00,1018.30,0.00,30.09,24.00,M
NYC,2026-02-15 21:51,33.52,56.69,38.00,8.00,5.00,1018.10,0.00,30.09,24.00,M
NYC,2026-02-15 22:51,32.33,64.09,37.00,9.00,5.00,1018.00,0.00,30.08,26.00,M
NYC,2026-02-15 23:51,31.15,63.96,36.00,9.00,5.00,1018.30,0.00,30.09,25.00,M
NYC,2026-02-16 00:51,29.65,58.82,36.00,10.00,7.00,1018.90,0.00,30.11,23.00,130.00
NYC,2026-02-16 01:51,28.49,66.67,36.00,10.00,9.00,1019.00,0.00,30.12,26.00,110.00
NYC,2026-02-16 02:51,M,75.34,35.00,2.00,M,1018.80,T,30.11,28.00,M
NYC,2026-02-16 03:51,25.34,88.57,33.00,1.00,8.00,1018.50,0.02,30.10,30.00,70.00
NYC,2026-02-16 04:51,24.78,92.21,32.00,1.75,7.00,1018.30,0.02,30.09,30.00,60.00
NYC,2026-02-16 05:51,19.01,92.14,30.00,1.25,13.00,1017.90,T,30.08,28.00,60.00
NYC,2026-02-16 06:51,21.65,92.14,30.00,0.75,8.00,1017.70,0.01,30.07,28.00,50.00
NYC,2026-02-16 07:51,18.68,92.11,29.00,0.75,11.00,1017.80,0.02,30.08,27.00,80.00
NYC,2026-02-16 08:51,21.03,92.14,30.00,2.00,9.00,1017.70,0.01,30.08,28.00,40.00
NYC,2026-02-16 09:51,20.46,88.43,30.00,6.00,10.00,1018.00,T,30.08,27.00,60.00
NYC,2026-02-16 10:51,22.34,88.43,30.00,7.00,7.00,1018.60,0.00,30.10,27.00,60.00
NYC,2026-02-16 11:51,23.12,84.84,30.00,10.00,6.00,1019.10,0.00,30.12,26.00,50.00
NYC,2026-02-16 12:51,20.46,84.84,30.00,10.00,10.00,1019.90,0.00,30.14,26.00,60.00
NYC,2026-02-16 13:51,21.20,81.46,31.00,10.00,11.00,1020.60,0.00,30.16,26.00,50.00
NYC,2026-02-16 14:51,24.11,71.98,32.00,10.00,8.00,1021.30,0.00,30.18,24.00,40.00
NYC,2026-02-16 15:51,25.34,72.09,33.00,10.00,8.00,1020.90,0.00,30.17,25.00,40.00
NYC,2026-02-16 16:51,27.98,61.34,36.00,10.00,10.00,1020.50,0.00,30.16,24.00,50.00
NYC,2026-02-16 17:51,33.26,58.96,37.00,10.00,4.00,1020.10,0.00,30.14,24.00,M
NYC,2026-02-16 18:51,34.43,54.36,38.00,10.00,4.00,1019.90,0.00,30.14,23.00,M
NYC,2026-02-16 19:51,34.43,56.69,38.00,10.00,4.00,1020.10,0.00,30.15,24.00,M
NYC,2026-02-16 20:51,35.55,54.36,38.00,10.00,3.00,1020.50,0.00,30.16,23.00,70.00
NYC,2026-02-16 21:51,38.00,52.11,38.00,10.00,0.00,1020.60,0.00,30.16,22.00,0.00
NYC,2026-02-16 22:51,34.40,56.54,37.00,10.00,3.00,1021.40,0.00,30.18,23.00,230.00
NYC,2026-02-16 23:51,37.00,56.54,37.00,10.00,0.00,1021.40,0.00,30.18,23.00,0.00
NYC,2026-02-17 00:51,33.26,56.54,37.00,10.00,4.00,1021.30,0.00,30.18,23.00,M
NYC,2026-02-17 01:51,34.40,58.96,37.00,10.00,3.00,1022.00,0.00,30.20,24.00,230.00
NYC,2026-02-17 02:51,36.00,61.34,36.00,10.00,0.00,1021.70,0.00,30.19,24.00,0.00
NYC,2026-02-17 03:51,33.26,69.49,36.00,10.00,3.00,1021.50,0.00,30.19,27.00,M
NYC,2026-02-17 04:51,32.09,69.49,36.00,10.00,4.00,1021.40,0.00,30.18,27.00,230.00
NYC,2026-02-17 05:51,M,72.41,36.00,10.00,M,1021.20,0.00,30.18,28.00,M
NYC,2026-02-17 06:51,32.09,75.44,36.00,9.00,4.00,1021.00,0.00,30.17,29.00,230.00
NYC,2026-02-17 07:51,M,75.44,36.00,8.00,M,1020.40,0.00,30.16,29.00,M
NYC,2026-02-17 08:51,31.15,78.58,36.00,7.00,5.00,1020.00,0.00,30.15,30.00,M
NYC,2026-02-17 09:51,M,78.58,36.00,6.00,M,1020.30,0.00,30.15,30.00,M
NYC,2026-02-17 10:51,32.09,81.84,36.00,6.00,4.00,1020.60,0.00,30.16,31.00,240.00
NYC,2026-02-17 11:51,33.26,81.84,36.00,5.00,3.00,1020.90,0.00,30.17,31.00,220.00
NYC,2026-02-17 12:51,M,85.22,36.00,4.00,M,1020.80,0.00,30.17,32.00,M
NYC,2026-02-17 13:51,33.26,85.28,37.00,4.00,4.00,1020.50,0.00,30.16,33.00,M
NYC,2026-02-17 14:51,33.26,85.28,37.00,2.50,4.00,1020.40,0.00,30.16,33.00,220.00
NYC,2026-02-17 15:51,32.76,85.35,38.00,3.00,6.00,1019.90,0.00,30.14,34.00,M
NYC,2026-02-17 16:51,39.00,82.07,39.00,4.00,0.00,1019.60,0.00,30.13,34.00,0.00
NYC,2026-02-17 17:51,37.08,75.92,41.00,4.00,5.00,1018.80,0.00,30.11,34.00,230.00
NYC,2026-02-17 18:51,39.98,70.40,44.00,5.00,6.00,1018.30,0.00,30.09,35.00,M
NYC,2026-02-17 19:51,40.63,67.77,45.00,5.00,7.00,1018.00,0.00,30.09,35.00,230.00
NYC,2026-02-17 20:51,M,62.83,47.00,6.00,M,1017.80,0.00,30.08,35.00,M
NYC,2026-02-17 21:51,42.39,65.24,46.00,6.00,6.00,1018.10,0.00,30.09,35.00,M
NYC,2026-02-17 22:51,44.69,65.24,46.00,7.00,3.00,1018.00,0.00,30.09,35.00,230.00
NYC,2026-02-17 23:51,41.43,73.25,44.00,7.00,4.00,1018.40,0.00,30.10,36.00,M
NYC,2026-02-18 00:51,40.27,73.15,43.00,6.00,4.00,1018.90,0.00,30.11,35.00,230.00
NYC,2026-02-18 01:51,43.00,76.11,43.00,6.00,0.00,1018.70,0.00,30.11,36.00,0.00
NYC,2026-02-18 02:51,42.00,79.10,42.00,6.00,0.00,1018.40,0.00,30.10,36.00,0.00
NYC,2026-02-18 03:51,38.98,79.01,41.00,5.00,3.00,1018.20,0.00,30.09,35.00,210.00
NYC,2026-02-18 04:51,40.00,82.14,40.00,5.00,0.00,1017.60,0.00,30.08,35.00,0.00
NYC,2026-02-18 05:51,39.00,85.41,39.00,5.00,0.00,1017.30,0.00,30.07,35.00,0.00
NYC,2026-02-18 06:51,34.71,85.41,39.00,4.00,5.00,1017.10,0.00,30.06,35.00,250.00
NYC,2026-02-18 07:51,33.52,85.35,38.00,3.00,5.00,1016.40,0.00,30.04,34.00,M
NYC,2026-02-18 08:51,35.55,85.35,38.00,4.00,3.00,1015.80,0.00,30.02,34.00,260.00
NYC,2026-02-18 09:51,38.00,85.35,38.00,4.00,0.00,1015.20,0.00,30.00,34.00,0.00
NYC,2026-02-18 10:51,36.69,85.41,39.00,4.00,3.00,1014.30,0.00,29.98,35.00,50.00
NYC,2026-02-18 11:51,40.00,82.14,40.00,4.00,0.00,1013.80,T,29.96,35.00,0.00
NYC,2026-02-18 12:51,39.00,85.41,39.00,2.50,0.00,1013.40,T,29.95,35.00,0.00
NYC,2026-02-18 13:51,35.55,88.82,38.00,2.50,3.00,1013.10,T,29.94,35.00,M
NYC,2026-02-18 14:51,38.00,92.42,38.00,1.25,0.00,1012.90,0.02,29.94,36.00,0.00
NYC,2026-02-18 15:51,33.52,92.42,38.00,1.75,5.00,1011.30,0.02,29.89,36.00,40.00
NYC,2026-02-18 16:51,34.53,88.91,40.00,2.50,7.00,1009.90,T,29.85,37.00,90.00
NYC,2026-02-18 17:51,35.90,88.91,40.00,2.50,5.00,1007.80,0.00,29.79,37.00,60.00
NYC,2026-02-18 18:51,40.00,88.91,40.00,3.00,0.00,1007.90,0.00,29.79,37.00,0.00
NYC,2026-02-18 19:51,34.71,88.87,39.00,3.00,5.00,1007.80,0.00,29.78,36.00,60.00
NYC,2026-02-18 20:51,36.69,85.41,39.00,3.00,3.00,1007.30,0.00,29.77,35.00,M
NYC,2026-02-18 21:51,40.00,88.91,40.00,2.00,0.00,1007.90,T,29.79,37.00,0.00
NYC,2026-02-18 22:51,36.69,96.16,39.00,2.00,3.00,1007.80,0.01,29.79,38.00,30.00
NYC,2026-02-18 23:51,35.59,96.16,39.00,2.00,4.00,1008.30,0.02,29.80,38.00,10.00
